{
    "mtx": [
        [
            6289.350439469091,
            0.0,
            963.2836973102332
        ],
        [
            0.0,
            6280.472064790832,
            657.6284461765613
        ],
        [
            0.0,
            0.0,
            1.0
        ]
    ],
    "dist": [
        [
            -2.972536311674035,
            44.77187729604953,
            0.017943254789036113,
            -0.0057494442207938826,
            10.60980340536678
        ]
    ]
}