{
    "mtx": [
        [
            10022.086181991124,
            0.0,
            905.3887810692761
        ],
        [
            0.0,
            9939.286474258151,
            841.0377418953195
        ],
        [
            0.0,
            0.0,
            1.0
        ]
    ],
    "dist": [
        [
            -1.5864843264071542,
            -58.854920675634894,
            0.10872036967208658,
            0.006805604684573845,
            1457.3047371611265
        ]
    ]
}