{
    "mtx": [
        [
            9717.65421049781,
            0.0,
            2670.9973835251963
        ],
        [
            0.0,
            9698.803589309382,
            1703.0518730205747
        ],
        [
            0.0,
            0.0,
            1.0
        ]
    ],
    "dist": [
        [
            -0.9882108783261697,
            4.9474281560453734,
            0.016072813059762256,
            -0.007710449861788006,
            6.124302309950385
        ]
    ]
}