{
    "mtx": [
        [
            1007.2572336955444,
            0.0,
            960.1924391892969
        ],
        [
            0.0,
            1008.7148119849008,
            673.39220427326
        ],
        [
            0.0,
            0.0,
            1.0
        ]
    ],
    "dist": [
        [
            -0.07274971482112322,
            0.025963105711044373,
            0.002898255307890072,
            -0.00026472667194336956,
            -0.0007437545268045812
        ]
    ]
}